{"Aact_fn": "relu", "Adr": 0.410761637258585, "Ahidden_dim": 146.0, "Anum_layers": 1.0, "Cact_fn": "tanh", "Cdr": 0.19673446565206976, "Chidden_dim": 81.0, "Cnum_layers": 4.0, "alr": 0.0004534776061842727, "batch_size": 96.0, "buffer_size": 210000.0, "clr": 0.06348462588737312, "eta": 0.3509858258487243, "gamma": 0.9464917222172514, "grad_clip": 5.68917352110167, "noise_std": 0.1685505545007064, "reward_scaling": 4.084637350121115, "tau": 0.11399270857684402, "warmup_steps": 15000.0}