{"Aact_fn": "relu", "Adr": 0.026131404717208873, "Ahidden_dim": 209.0, "Anum_layers": 4.0, "Cact_fn": "relu", "Cdr": 0.369035328418718, "Chidden_dim": 492.0, "Cnum_layers": 7.0, "alr": 0.20149667696764814, "batch_size": 192.0, "buffer_size": 840000.0, "clr": 0.013345197060128832, "eta": 0.5812060792709783, "gamma": 0.9184681537895004, "grad_clip": 1.4030540920551005, "noise_std": 0.1913711566459248, "reward_scaling": 6.966853966255433, "tau": 0.09940546610935276, "warmup_steps": 44000.0}